{"stat.chestOpened":24,"stat.walkOneCm":62247,"stat.pickup.minecraft.bone":5,"stat.useItem.toroquest.obsidian_sword":25,"stat.pickup.minecraft.iron_nugget":12,"stat.leaveGame":5,"stat.pickup.ebwizardry.blast_upgrade":1,"stat.drop.minecraft.spawn_egg":1,"stat.pickup.iceandfire.manuscript":1,"stat.jump":101,"stat.useItem.scalinghealth.heartcontainer":1,"stat.swimOneCm":283,"stat.pickup.galacticraftcore.steel_sword":1,"stat.fallOneCm":418,"stat.pickup.minecraft.melon_seeds":2,"stat.pickup.minecraft.gunpowder":3,"stat.crouchOneCm":2982,"stat.sprintOneCm":29742,"stat.useItem.minecraft.stone_slab2":500,"stat.pickup.minecraft.gold_ingot":9,"stat.pickup.minecraft.rotten_flesh":3,"stat.damageTaken":120,"stat.pickup.minecraft.leather":2,"stat.pickup.minecraft.feather":1,"stat.pickup.minecraft.record_cat":1,"stat.mobKills":7,"stat.flyOneCm":334594,"stat.drop":1,"stat.playOneMinute":69533,"stat.sneakTime":1240,"stat.damageDealt":4154,"stat.timeSinceDeath":69533,"stat.pickup.iceandfire.silver_ingot":1,"stat.useItem.minecraft.spawn_egg":14,"stat.diveOneCm":698}