{"stat.chestOpened":24,"stat.pickup.minecraft.rotten_flesh":3,"stat.walkOneCm":60222,"stat.pickup.minecraft.bone":5,"stat.useItem.toroquest.obsidian_sword":25,"stat.pickup.minecraft.iron_nugget":12,"stat.leaveGame":4,"stat.damageTaken":120,"stat.killEntity.grimoireofgaia.dryad":1,"stat.pickup.minecraft.leather":2,"stat.pickup.minecraft.feather":1,"stat.pickup.ebwizardry.blast_upgrade":1,"stat.pickup.minecraft.record_cat":1,"stat.mobKills":7,"stat.killEntity.grimoireofgaia.satyress":2,"stat.drop.minecraft.spawn_egg":1,"stat.pickup.iceandfire.manuscript":1,"stat.flyOneCm":308258,"stat.killEntity.grimoireofgaia.centaur":2,"stat.drop":1,"stat.jump":93,"stat.useItem.scalinghealth.heartcontainer":1,"stat.swimOneCm":283,"stat.playOneMinute":66526,"stat.pickup.galacticraftcore.steel_sword":1,"stat.fallOneCm":418,"stat.pickup.grimoireofgaia.shard":2,"stat.killEntity.grimoireofgaia.valkyrie":1,"stat.killEntity.grimoireofgaia.gryphon":1,"stat.sneakTime":1161,"stat.pickup.grimoireofgaia.food_root":1,"stat.pickup.minecraft.melon_seeds":2,"stat.damageDealt":4154,"stat.pickup.minecraft.gunpowder":3,"stat.crouchOneCm":2716,"stat.timeSinceDeath":66526,"stat.pickup.iceandfire.silver_ingot":1,"stat.useItem.grimoireofgaia.food_root":1,"stat.sprintOneCm":26114,"stat.useItem.minecraft.stone_slab2":500,"stat.useItem.minecraft.spawn_egg":14,"stat.diveOneCm":698,"stat.pickup.minecraft.gold_ingot":9}