{
  "twilightforest:progress_hydra": {
    "criteria": {
      "trophy": "2021-03-09 18:47:43 -0600"
    },
    "done": false
  },
  "minecraft:nether/get_wither_skull": {
    "criteria": {
      "wither_skull": "2021-03-09 15:37:38 -0600"
    },
    "done": true
  },
  "minecraft:recipes/redstone/tnt": {
    "criteria": {
      "has_gunpowder": "2021-03-09 19:00:39 -0600"
    },
    "done": true
  },
  "minecraft:recipes/tools/wooden_axe": {
    "criteria": {
      "has_stick": "2021-03-09 13:20:03 -0600"
    },
    "done": true
  },
  "minecraft:recipes/combat/leather_chestplate": {
    "criteria": {
      "has_leather": "2021-03-09 18:59:47 -0600"
    },
    "done": true
  },
  "universalbestiary:grimoireofgaia_dryad": {
    "criteria": {
      "unlock": "2021-03-09 18:56:17 -0600"
    },
    "done": true
  },
  "minecraft:recipes/tools/golden_pickaxe": {
    "criteria": {
      "has_gold_ingot": "2021-03-09 19:00:28 -0600"
    },
    "done": true
  },
  "minecraft:recipes/building_blocks/oak_wooden_slab": {
    "criteria": {
      "has_planks": "2021-03-09 13:20:52 -0600"
    },
    "done": true
  },
  "minecraft:recipes/building_blocks/gold_block": {
    "criteria": {
      "has_at_least_9_gold_ingot": "2021-03-09 19:00:34 -0600"
    },
    "done": true
  },
  "minecraft:recipes/combat/golden_chestplate": {
    "criteria": {
      "has_gold_ingot": "2021-03-09 19:00:28 -0600"
    },
    "done": true
  },
  "twilightforest:progress_knights": {
    "criteria": {
      "trophy": "2021-03-09 18:47:45 -0600"
    },
    "done": false
  },
  "iceandfire:iceandfire/dragonsteel_weapon": {
    "criteria": {
      "fire_sword": "2021-03-09 13:26:40 -0600"
    },
    "done": true
  },
  "minecraft:recipes/combat/leather_helmet": {
    "criteria": {
      "has_leather": "2021-03-09 18:59:47 -0600"
    },
    "done": true
  },
  "minecraft:adventure/adventuring_time": {
    "criteria": {
      "forest": "2021-03-09 14:06:53 -0600",
      "birch_forest": "2021-03-09 14:06:06 -0600",
      "beaches": "2021-03-09 14:07:02 -0600",
      "plains": "2021-03-09 13:19:32 -0600",
      "extreme_hills": "2021-03-09 14:06:08 -0600",
      "river": "2021-03-09 14:06:40 -0600"
    },
    "done": false
  },
  "minecraft:recipes/decorations/crafting_table": {
    "criteria": {
      "has_planks": "2021-03-09 13:20:52 -0600"
    },
    "done": true
  },
  "fossil:fossil/ancient_sword": {
    "criteria": {
      "broken_sword": "2021-03-09 13:26:08 -0600"
    },
    "done": true
  },
  "minecraft:recipes/tools/golden_hoe": {
    "criteria": {
      "has_gold_ingot": "2021-03-09 19:00:28 -0600"
    },
    "done": true
  },
  "minecraft:recipes/tools/wooden_pickaxe": {
    "criteria": {
      "has_stick": "2021-03-09 13:20:03 -0600"
    },
    "done": true
  },
  "minecraft:recipes/redstone/trapdoor": {
    "criteria": {
      "has_planks": "2021-03-09 13:20:52 -0600"
    },
    "done": true
  },
  "iceandfire:iceandfire/root": {
    "criteria": {
      "tick": "2021-03-09 13:19:32 -0600"
    },
    "done": true
  },
  "minecraft:recipes/decorations/ladder": {
    "criteria": {
      "has_stick": "2021-03-09 13:20:03 -0600"
    },
    "done": true
  },
  "minecraft:husbandry/root": {
    "criteria": {
      "consumed_item": "2021-03-09 18:56:25 -0600"
    },
    "done": true
  },
  "minecraft:recipes/misc/iron_nugget": {
    "criteria": {
      "has_the_recipe": "2021-03-09 19:01:32 -0600"
    },
    "done": true
  },
  "minecraft:recipes/decorations/chest": {
    "criteria": {
      "has_lots_of_items": "2021-03-09 19:00:33 -0600"
    },
    "done": true
  },
  "minecraft:recipes/combat/golden_sword": {
    "criteria": {
      "has_gold_ingot": "2021-03-09 19:00:28 -0600"
    },
    "done": true
  },
  "minecraft:recipes/transportation/birch_boat": {
    "criteria": {
      "entered_water": "2021-03-09 18:59:58 -0600"
    },
    "done": true
  },
  "minecraft:recipes/food/golden_apple": {
    "criteria": {
      "has_gold_ingot": "2021-03-09 19:00:28 -0600"
    },
    "done": true
  },
  "minecraft:recipes/building_blocks/oak_stairs": {
    "criteria": {
      "has_planks": "2021-03-09 13:20:52 -0600"
    },
    "done": true
  },
  "universalbestiary:grimoireofgaia_satyress": {
    "criteria": {
      "unlock": "2021-03-09 19:00:52 -0600"
    },
    "done": true
  },
  "minecraft:recipes/tools/wooden_shovel": {
    "criteria": {
      "has_stick": "2021-03-09 13:20:03 -0600"
    },
    "done": true
  },
  "minecraft:recipes/transportation/acacia_boat": {
    "criteria": {
      "entered_water": "2021-03-09 18:59:58 -0600"
    },
    "done": true
  },
  "minecraft:recipes/redstone/wooden_pressure_plate": {
    "criteria": {
      "has_planks": "2021-03-09 13:20:52 -0600"
    },
    "done": true
  },
  "minecraft:recipes/misc/iron_ingot_from_nuggets": {
    "criteria": {
      "has_at_least_9_iron_nugget": "2021-03-09 19:01:32 -0600"
    },
    "done": true
  },
  "minecraft:recipes/misc/stick": {
    "criteria": {
      "has_planks": "2021-03-09 13:20:52 -0600"
    },
    "done": true
  },
  "minecraft:recipes/building_blocks/stone_slab": {
    "criteria": {
      "has_stone": "2021-03-09 15:36:25 -0600"
    },
    "done": true
  },
  "minecraft:recipes/combat/arrow": {
    "criteria": {
      "has_feather": "2021-03-09 19:02:00 -0600"
    },
    "done": true
  },
  "minecraft:recipes/redstone/stone_pressure_plate": {
    "criteria": {
      "has_stone": "2021-03-09 15:36:25 -0600"
    },
    "done": true
  },
  "minecraft:adventure/root": {
    "criteria": {
      "killed_something": "2021-03-09 18:56:17 -0600"
    },
    "done": true
  },
  "minecraft:recipes/transportation/boat": {
    "criteria": {
      "entered_water": "2021-03-09 18:59:58 -0600"
    },
    "done": true
  },
  "minecraft:recipes/combat/leather_boots": {
    "criteria": {
      "has_leather": "2021-03-09 18:59:47 -0600"
    },
    "done": true
  },
  "minecraft:recipes/decorations/sign": {
    "criteria": {
      "has_planks": "2021-03-09 13:20:52 -0600"
    },
    "done": true
  },
  "minecraft:recipes/transportation/jungle_boat": {
    "criteria": {
      "entered_water": "2021-03-09 18:59:58 -0600"
    },
    "done": true
  },
  "minecraft:recipes/transportation/spruce_boat": {
    "criteria": {
      "entered_water": "2021-03-09 18:59:58 -0600"
    },
    "done": true
  },
  "minecraft:recipes/redstone/light_weighted_pressure_plate": {
    "criteria": {
      "has_gold_ingot": "2021-03-09 19:00:28 -0600"
    },
    "done": true
  },
  "universalbestiary:grimoireofgaia_valkyrie": {
    "criteria": {
      "unlock": "2021-03-09 19:02:50 -0600"
    },
    "done": true
  },
  "twilightforest:progress_ur_ghast": {
    "criteria": {
      "trophy": "2021-03-09 18:47:44 -0600"
    },
    "done": false
  },
  "minecraft:recipes/combat/wooden_sword": {
    "criteria": {
      "has_stick": "2021-03-09 13:20:03 -0600"
    },
    "done": true
  },
  "minecraft:recipes/redstone/wooden_button": {
    "criteria": {
      "has_planks": "2021-03-09 13:20:52 -0600"
    },
    "done": true
  },
  "minecraft:recipes/decorations/item_frame": {
    "criteria": {
      "has_leather": "2021-03-09 18:59:47 -0600"
    },
    "done": true
  },
  "minecraft:recipes/building_blocks/oak_planks": {
    "criteria": {
      "has_log": "2021-03-09 13:20:03 -0600"
    },
    "done": true
  },
  "minecraft:recipes/transportation/dark_oak_boat": {
    "criteria": {
      "entered_water": "2021-03-09 18:59:58 -0600"
    },
    "done": true
  },
  "minecraft:recipes/misc/gold_nugget": {
    "criteria": {
      "has_gold_ingot": "2021-03-09 19:00:28 -0600"
    },
    "done": true
  },
  "minecraft:recipes/decorations/fence": {
    "criteria": {
      "has_planks": "2021-03-09 13:20:52 -0600"
    },
    "done": true
  },
  "minecraft:recipes/tools/golden_axe": {
    "criteria": {
      "has_gold_ingot": "2021-03-09 19:00:28 -0600"
    },
    "done": true
  },
  "minecraft:recipes/tools/wooden_hoe": {
    "criteria": {
      "has_stick": "2021-03-09 13:20:03 -0600"
    },
    "done": true
  },
  "fossil:fossil/break_fossil": {
    "criteria": {
      "broken_sword": "2021-03-09 13:26:06 -0600"
    },
    "done": true
  },
  "fossil:fossil/broken_sword": {
    "criteria": {
      "broken_sword": "2021-03-09 13:26:06 -0600"
    },
    "done": true
  },
  "minecraft:recipes/building_blocks/stonebrick": {
    "criteria": {
      "has_stone": "2021-03-09 15:36:25 -0600"
    },
    "done": true
  },
  "minecraft:recipes/combat/golden_leggings": {
    "criteria": {
      "has_gold_ingot": "2021-03-09 19:00:28 -0600"
    },
    "done": true
  },
  "minecraft:recipes/combat/golden_helmet": {
    "criteria": {
      "has_gold_ingot": "2021-03-09 19:00:28 -0600"
    },
    "done": true
  },
  "minecraft:recipes/building_blocks/birch_planks": {
    "criteria": {
      "has_log": "2021-03-09 13:20:03 -0600"
    },
    "done": true
  },
  "minecraft:recipes/misc/bone_meal_from_bone": {
    "criteria": {
      "has_bone": "2021-03-09 19:00:34 -0600"
    },
    "done": true
  },
  "iceandfire:iceandfire/dragonbone_tool": {
    "criteria": {
      "sword": "2021-03-09 13:26:13 -0600"
    },
    "done": true
  },
  "universalbestiary:grimoireofgaia_gryphon": {
    "criteria": {
      "unlock": "2021-03-09 19:01:59 -0600"
    },
    "done": true
  },
  "fossil:fossil/root": {
    "criteria": {
      "tick": "2021-03-09 13:19:32 -0600"
    },
    "done": true
  },
  "twilightforest:progress_glacier": {
    "criteria": {
      "trophy": "2021-03-09 18:47:46 -0600"
    },
    "done": false
  },
  "twilightforest:progress_lich": {
    "criteria": {
      "trophy": "2021-03-09 18:47:42 -0600"
    },
    "done": false
  },
  "minecraft:recipes/redstone/fence_gate": {
    "criteria": {
      "has_planks": "2021-03-09 13:20:52 -0600"
    },
    "done": true
  },
  "minecraft:recipes/redstone/stone_button": {
    "criteria": {
      "has_stone": "2021-03-09 15:36:25 -0600"
    },
    "done": true
  },
  "iceandfire:iceandfire/dragonbone_flaming_sword": {
    "criteria": {
      "fire_sword": "2021-03-09 13:26:14 -0600"
    },
    "done": true
  },
  "galacticraftcore:galacticraft/root": {
    "criteria": {
      "tick": "2021-03-09 13:19:38 -0600"
    },
    "done": true
  },
  "minecraft:recipes/redstone/wooden_door": {
    "criteria": {
      "has_planks": "2021-03-09 13:20:52 -0600"
    },
    "done": true
  },
  "universalbestiary:grimoireofgaia_centaur": {
    "criteria": {
      "unlock": "2021-03-09 18:59:45 -0600"
    },
    "done": true
  },
  "minecraft:recipes/misc/gold_ingot_from_block": {
    "criteria": {
      "has_the_recipe": "2021-03-09 19:00:34 -0600"
    },
    "done": true
  },
  "minecraft:recipes/combat/leather_leggings": {
    "criteria": {
      "has_leather": "2021-03-09 18:59:47 -0600"
    },
    "done": true
  },
  "minecraft:recipes/tools/golden_shovel": {
    "criteria": {
      "has_gold_ingot": "2021-03-09 19:00:28 -0600"
    },
    "done": true
  },
  "minecraft:recipes/combat/golden_boots": {
    "criteria": {
      "has_gold_ingot": "2021-03-09 19:00:28 -0600"
    },
    "done": true
  }
}